Ho, ten, ...
1,231324, An, NguyVăn, Nam,12/2/2005,5444
2,23453232, Nguyen, CaThi, Nam,12/3/2000,54324
3,25643, Lèng, MaPì, Nam,12/3/2000,57393
4,102456, Dũng, NguyễnLêHoàng, Nữ,12/4/2005,43454
5,113323,Nam Van Tai,An,N?,12/12/134,234
6,11111,Van,Nguyen,Nam,12/12/1223,21343424
7,11111,Van,Nguyen,Nam,12/12/1223,21343424
8,133444,An,Nam,Nam,12/12/12232,1345
9,1112,fsgsoi,ouwefeoi,nam,12/11/1111,214345
10,1112,fsgsoi,ouwefeoi,nam,12/11/1111,214345
11,122452,phat,an,nam,11/11/1111,24532
12,2222,oiewfhwoif,doiejgpoe,nam,11/11/111,11
13,1111,11,11,11,11/11/111,111